index,model,suffix,train_spearman,val_spearman,test_spearman,train_rmse,val_rmse,test_rmse,train_mae,val_mae,test_mae,embedding,strategy
0,KNN,,0.2992699300061598,0.0848288423664315,0.1119827201446543,0.13507435901511103,0.166339373051082,0.1747190228371727,0.10697243401759529,0.13282625482625482,0.1388156862745098,af2,holdout
1,Ridge,,0.7622969897212079,0.12578035229950205,0.2586038224770727,0.08491181129927337,0.18880460089740808,0.18873146119460885,0.06615069619233746,0.14408327478824834,0.14340325967113474,af2,holdout
2,RandomForest,,0.971714732884972,0.28933744863344313,0.3642118007691137,0.059631628349331375,0.15778919889815687,0.1619909437649503,0.04596849661091597,0.12611894184537045,0.13002493675496618,af2,holdout
