index,model,suffix,train_spearman,val_spearman,test_spearman,train_rmse,val_rmse,test_rmse,train_mae,val_mae,test_mae,embedding,strategy
0,KNN,,0.22279084074466227,0.1593955496234237,0.2349587210180912,0.13854595561827784,0.16508224135038393,0.1689017089733483,0.10832023460410556,0.1300880308880309,0.13363607843137254,esm_2,holdout
1,Ridge,,0.6482486506608904,0.30413095013431635,0.39060266446225556,0.11025763608882984,0.15856259884808127,0.15817524559143656,0.08419598589172486,0.12694191633929283,0.12738011852335504,esm_2,holdout
2,RandomForest,,0.9794459843018302,0.3391677620895014,0.41400936641117175,0.051621693335979484,0.1573495867235912,0.15764893502870944,0.0404806451612905,0.12637007722007726,0.12810215686274506,esm_2,holdout
