index,model,suffix,train_spearman,val_spearman,test_spearman,train_rmse,val_rmse,test_rmse,train_mae,val_mae,test_mae,embedding,strategy
0,KNN,,0.2652243922751776,0.25689013347152273,0.21968568570685393,0.13622019262857252,0.1602716728307567,0.17047201828924255,0.10594838709677419,0.12558146718146718,0.13575372549019607,esm_1b,holdout
1,Ridge,,0.5433472868734561,0.24042877957789807,0.32822810951850884,0.12178752509463832,0.1599010438768545,0.1610683021891264,0.09364900345686893,0.12742164198320793,0.13053993120786853,esm_1b,holdout
2,RandomForest,,0.9687288706984927,0.36319507774575815,0.4247934695994264,0.0575622471408364,0.15507837359310983,0.15682956261776343,0.043725108117281926,0.12338691661673803,0.12686121200422676,esm_1b,holdout
