index,model,suffix,train_spearman,val_spearman,test_spearman,train_rmse,val_rmse,test_rmse,train_mae,val_mae,test_mae,embedding,strategy
0,KNN,,0.1904608806085666,0.06910255435066168,0.1844449163336897,0.13832044566566998,0.16460782550114747,0.16969462214317144,0.10964222873900295,0.1336633204633205,0.1364470588235294,ct,holdout
1,Ridge,,0.22520013595088867,0.012770771604434886,0.010426467113133967,0.13766296418350868,0.16598043456803793,0.17408333961275285,0.10810295635787211,0.13514222649187704,0.13977191917898363,ct,holdout
2,RandomForest,,0.976711657956671,0.19804170335481494,0.2718348267127347,0.053197421621310144,0.1611513734177905,0.16639907846417137,0.041350293255132106,0.13150347490347494,0.13493764705882352,ct,holdout
