index,model,suffix,train_spearman,val_spearman,test_spearman,train_rmse,val_rmse,test_rmse,train_mae,val_mae,test_mae,embedding,strategy
0,KNN,,0.3957310199120861,0.23579398234844517,0.25310394787291735,0.12965843917940661,0.16173886193323936,0.16892213080147256,0.09971554252199413,0.12878764478764476,0.13251372549019608,esm_if1,holdout
1,Ridge,,0.5277880427383047,0.23651427547869236,0.28609727674189234,0.12327441423818325,0.16175202272128184,0.16449433907669092,0.09614637853387581,0.13229185496901483,0.13253918579067211,esm_if1,holdout
2,RandomForest,,0.9770666671757195,0.3221216364202501,0.3757662650291407,0.05140378614659905,0.15715399516073617,0.15896282343772739,0.04032008797653971,0.12778320463320464,0.12985098039215684,esm_if1,holdout
