index,model,suffix,train_spearman,val_spearman,test_spearman,train_rmse,val_rmse,test_rmse,train_mae,val_mae,test_mae,embedding,strategy
0,KNN,0,0.41701515295779007,0.2112592391938689,0.4021224370959207,0.12899468037862027,0.16327760192253957,0.15878503164501936,0.09850146627565982,0.1293204633204633,0.12590196078431373,eve,holdout
1,Ridge,0,0.43388272995998334,0.37390545673446673,0.3815553405133016,0.12408326783710506,0.16000648072584553,0.16357569219829066,0.09701266684191064,0.12235481949740139,0.129647847628234,eve,holdout
2,RandomForest,0,0.9392117843553095,0.3481821649903174,0.3425255889670079,0.0626255937657,0.15525341826739855,0.16097681010704742,0.047187209749764814,0.12209815887940888,0.12911661033574268,eve,holdout
3,KNN,1,0.4468557402133134,0.36093410763174755,0.3608742533468527,0.12748625364342303,0.1534670616000026,0.1616784147742721,0.09717888563049855,0.12084942084942082,0.12562745098039213,eve,holdout
4,Ridge,1,0.26618076518737316,0.30551721462774145,0.34468805649005546,0.13617431035577243,0.16075673308381117,0.16621283982818347,0.10712904346423677,0.12710554684979355,0.13122406900592978,eve,holdout
5,RandomForest,1,0.959302729411023,0.38571911152763855,0.39298492484625225,0.05085955786378516,0.15267281887602693,0.15865982416453625,0.03840249266862187,0.11880212355212362,0.12414980392156857,eve,holdout
6,KNN,2,0.23768572123791268,0.29365990251590757,0.31762959620089465,0.13758886949458396,0.15846599576777287,0.1615520701586613,0.1075307917888563,0.12586409266409268,0.13132078431372549,eve,holdout
7,Ridge,2,0.39967967331521864,0.3672913303802434,0.3496993052997425,0.12748946703358066,0.15681713883035375,0.16346771882163486,0.09916123870376822,0.12122670848536957,0.13059922017180253,eve,holdout
8,RandomForest,2,0.93732788895154,0.3822513771168672,0.3923213447099003,0.06224088139376513,0.1534542036927625,0.15711945942353617,0.04669621016324834,0.1197232768341697,0.12389691468226761,eve,holdout
