index,model,suffix,train_spearman,val_spearman,test_spearman,train_rmse,val_rmse,test_rmse,train_mae,val_mae,test_mae,embedding,strategy
0,KNN,,0.5447417913743078,0.30493416175104937,0.29710622204355047,0.11891784788438843,0.16258457852374922,0.17660977256286212,0.08856891495601174,0.12252509652509652,0.13456470588235295,onehot,holdout
1,Ridge,,0.8025753214023977,0.3316575605203365,0.37021849411987556,0.08870116020918051,0.15782819734152073,0.16085156217850782,0.06797967358982006,0.12320219349810989,0.12752969262587172,onehot,holdout
2,RandomForest,,0.9755214289985031,0.3620842628142879,0.38780879328606926,0.05119795519193892,0.15757632501309707,0.16359956859092634,0.03931143695014685,0.12344131274131273,0.1283996078431372,onehot,holdout
