index,model,suffix,train_spearman,val_spearman,test_spearman,train_rmse,val_rmse,test_rmse,train_mae,val_mae,test_mae,embedding,strategy
0,KNN,,1.0,0.6847815425952821,0.4737328623618383,0.0,0.5138684341531864,0.5478431478469519,0.0,0.4096666666666667,0.3972785714285713,esm_1b,holdout
1,Ridge,,0.7461300309597524,0.6610389610389611,0.5560439560439561,0.33763162196994717,0.48217727745062144,0.4904043478772107,0.3017161051896852,0.40162060937048283,0.43485339455146754,esm_1b,holdout
2,RandomForest,,0.9360165118679051,0.6350649350649351,0.5208791208791209,0.15808479867112152,0.4781306486387745,0.48026546978607454,0.13627416666666725,0.3975646547619053,0.41936239285714266,esm_1b,holdout
3,MLP,,0.9029927760577915,0.5649350649350648,0.6307692307692307,0.17126408267218263,0.49164240995120234,0.47767270397094647,0.08239174080794867,0.3727514714268447,0.36156046051284696,esm_1b,holdout
