index,model,suffix,train_spearman,val_spearman,test_spearman,train_rmse,val_rmse,test_rmse,train_mae,val_mae,test_mae,embedding,strategy
0,KNN,,0.7258648360187524,0.5102761868711992,0.4790333663309185,0.3555118746961907,0.5108683026312489,0.5050702284407019,0.29151499999999997,0.4384366666666666,0.42494,esm_if1,holdout
1,Ridge,,0.9318885448916409,0.5597402597402598,0.5428571428571429,0.17311474283103387,0.47617628874400375,0.5147939897114778,0.12305959052171911,0.3764358317032727,0.4196716269023782,esm_if1,holdout
2,RandomForest,,0.9525283797729618,0.4805194805194805,0.44175824175824174,0.1543460627061437,0.5335463380641076,0.5100995202151034,0.13314983333333322,0.47454461904761897,0.4654312857142858,esm_if1,holdout
3,MLP,,0.9855521155830752,0.6298701298701298,0.5428571428571429,0.03539495771870586,0.4692076498521566,0.5446418898605614,0.018663667817122632,0.36210831870638177,0.45110228913760586,esm_if1,holdout
