index,model,suffix,train_spearman,val_spearman,test_spearman,train_rmse,val_rmse,test_rmse,train_mae,val_mae,test_mae,embedding,strategy
0,KNN,,0.5570233736640616,0.515662270063463,0.312538153958997,0.4279785543627676,0.5027233176883871,0.49910782001487414,0.3686027777777778,0.43608333333333327,0.44356428571428574,esm_2,holdout
1,Ridge,,0.7977296181630547,0.6662337662337662,0.6879120879120879,0.2887877916294812,0.47164343106411977,0.4903962112468855,0.2360697783613677,0.38485200062854635,0.4239829606334711,esm_2,holdout
2,RandomForest,,0.9463364293085655,0.7285714285714285,0.6087912087912088,0.15348039474389946,0.4783175248582608,0.47909961101673626,0.12892830555555615,0.3990730595238099,0.41923558928571414,esm_2,holdout
3,MLP,,0.869969040247678,0.7532467532467532,0.6043956043956044,0.203152791446202,0.4793573691898742,0.5112521333980306,0.1219477405659326,0.3848506191603677,0.4358808469461893,esm_2,holdout
