index,model,suffix,train_spearman,val_spearman,test_spearman,train_rmse,val_rmse,test_rmse,train_mae,val_mae,test_mae,embedding,strategy
0,KNN,,0.5449856537425563,0.7536451727781923,0.5011086366687488,0.381295286108199,0.42550847324532964,0.5086543701803529,0.31318888888888885,0.30249166666666666,0.39877499999999994,ct,holdout
1,Ridge,,0.7481940144478844,0.5662337662337662,0.6835164835164835,0.31459098735381136,0.4532804635246507,0.4581448800968158,0.2637786021529591,0.3440285527944114,0.3741899338321897,ct,holdout
2,RandomForest,,0.9484004127966976,0.6571428571428571,0.6351648351648352,0.18926303279287884,0.4641773559899504,0.47236203854031755,0.16620569444444433,0.3892272142857139,0.404173,ct,holdout
3,MLP,,-0.3952528379772961,-0.34155844155844156,-0.7318681318681319,0.5182827373731657,0.6238754471690328,0.6042383294435496,0.45434776572548485,0.5500899004685463,0.5360785086463445,ct,holdout
