index,model,suffix,train_spearman,val_spearman,test_spearman,train_rmse,val_rmse,test_rmse,train_mae,val_mae,test_mae,embedding,strategy
0,KNN,,0.7036959488242835,0.26463825381860784,0.256357503730961,0.4557274955375075,0.5773828904717594,0.6251111974109658,0.39223,0.49465428571428566,0.5532857142857142,onehot_pad,holdout
1,Ridge,,1.0,0.2025974025974026,0.4197802197802198,1.6666727441929373e-07,0.6218509341080416,0.526143773091071,1.5053000342278114e-07,0.5507326487718058,0.4759824590072439,onehot_pad,holdout
2,RandomForest,,0.9566563467492261,0.14155844155844155,0.6424646351936143,0.21880149235856758,0.6189961136675004,0.5203325065261726,0.19639354992283928,0.5403831583333335,0.46445212443310663,onehot_pad,holdout
3,MLP,,1.0,0.3051948051948052,0.5296703296703297,0.0004834099181684107,0.7040045556299228,0.5260310331645659,0.0003767067938680367,0.6229142086072716,0.45309793977629864,onehot_pad,holdout
