index,model,suffix,train_spearman,val_spearman,test_spearman,train_rmse,val_rmse,test_rmse,train_mae,val_mae,test_mae,embedding,strategy
0,KNN,,0.6176947720701349,0.4482750048713358,0.24229133665419114,0.3617241421784317,0.5133181674572473,0.6296885348626732,0.3050736111111111,0.4304321428571428,0.4866053571428572,af2,holdout
1,Ridge,,0.954592363261094,0.5389610389610389,0.6175824175824175,0.09422561782991258,0.666641417042445,0.7074087903023674,0.04053685767204332,0.599217510908462,0.5872558304506335,af2,holdout
2,RandomForest,,0.9277605779153767,0.5714285714285714,0.6439560439560439,0.1788614268525826,0.5009796936534949,0.4717183244151578,0.15521725518077606,0.42043886940665154,0.4062540145408165,af2,holdout
3,MLP,,0.9817740518865266,0.4623376623376624,0.6512204749659951,0.028543665077623674,0.9643510421157109,0.8019867579906044,0.01783129413601224,0.8513301438946308,0.5702485101564563,af2,holdout
