index,model,suffix,train_spearman,val_spearman,test_spearman,train_rmse,val_rmse,test_rmse,train_mae,val_mae,test_mae,embedding,strategy
0,KNN,,0.7515791489629801,0.6847257043843462,0.5080871188423249,0.3263362056819452,0.4785177683519927,0.48274968639480825,0.2799161111111111,0.41973809523809524,0.42984999999999995,onehot,holdout
1,Ridge,,1.0,0.6194805194805195,0.39780219780219783,1.0243388896654412e-06,0.4916363514954072,0.5183282474571017,4.664677630403852e-07,0.4227904332877632,0.46022095942975205,onehot,holdout
2,RandomForest,,0.9484004127966976,0.7467532467532467,0.389010989010989,0.16841154333420352,0.5031446814422103,0.5229875757976443,0.14540069444444445,0.4348485476190474,0.4695413214285718,onehot,holdout
3,MLP,,1.0,0.44285714285714284,0.5164835164835165,0.0007714622436295015,0.48715351098620224,0.48889498502910306,0.0005210190481072684,0.43941800882912474,0.4487851208608328,onehot,holdout
