index,model,suffix,train_spearman,val_spearman,test_spearman,train_rmse,val_rmse,test_rmse,train_mae,val_mae,test_mae,embedding,strategy
0,KNN,,0.27754164433479744,0.08469286164964018,0.06038835114081859,2.208685996089867,2.4510317165005433,2.3543437939351306,1.8380851262779656,1.9529772287996698,1.909634417449649,esm_2,holdout
1,Ridge,,0.3411983026281024,0.15058565694510098,0.10464828104473159,2.1985706190747547,2.3787329343520214,2.3118941773043775,1.8561622258760284,1.9516922026742347,1.948481285713719,esm_2,holdout
2,RandomForest,,0.9598683028626857,0.13401984853858484,0.14448612170174707,0.9725520071235056,2.399535382777422,2.3205734492623353,0.803386523147496,1.9728390478892472,1.9194537044291,esm_2,holdout
3,MLP,,,0.10474398732531773,,2.3110003911175228,2.3927262377302427,2.3432072179694603,1.9791321011699983,2.0028240308402574,2.0367734351037723,esm_2,holdout
