index,model,suffix,train_spearman,val_spearman,test_spearman,train_rmse,val_rmse,test_rmse,train_mae,val_mae,test_mae,embedding,strategy
0,KNN,,0.3658160797539259,0.21893477131095496,0.014355671791560172,2.1690911767183194,2.3885283479940114,2.416476494030712,1.7383311241684933,1.8599381635198342,1.9611366625924653,onehot,holdout
1,Ridge,,0.901138067510717,0.10421684702317856,0.04106442860683586,1.3778676036949489,2.4452163368528734,2.370608977317068,1.1414616538250224,1.9941720503029128,1.966464082655168,onehot,holdout
2,RandomForest,,0.9285812748615818,0.14601513284481554,0.05712812980980672,1.537483843320971,2.387592691100003,2.3248819663916414,1.281857872562232,1.9554244020815743,1.9523731188020172,onehot,holdout
3,MLP,,0.9965249353195221,0.01683086134102037,0.0663309221603985,0.1256051710881222,2.730933853031797,2.5961841638295007,0.023583687356695793,2.212949348428625,2.093941221492488,onehot,holdout
