index,model,suffix,train_spearman,val_spearman,test_spearman,train_rmse,val_rmse,test_rmse,train_mae,val_mae,test_mae,embedding,strategy
0,KNN,,0.27925635560557577,0.20326681231081956,-0.002463077628823041,2.210193326298186,2.3762148641925407,2.335698222933452,1.817309107962269,1.9075817559885722,1.9275191176240192,af2,holdout
1,Ridge,,0.8626331763932141,0.08271758867849574,-0.02935131313816001,1.1126138469369402,2.855456636186961,3.0714255114649616,0.8904951400668067,2.3020479154016336,2.4939891356344606,af2,holdout
2,RandomForest,,0.9647561856211849,0.21506470032300073,0.15677636545469595,0.9354214462774214,2.377269162779407,2.3144249899446603,0.7560530478903389,1.9358917999168832,1.9024722021684544,af2,holdout
3,MLP,,,,,2.480602938352092,2.4978219733488185,2.5594954142739543,2.2307823899876342,2.1975464482437514,2.3292606980328134,af2,holdout
