index,model,suffix,train_spearman,val_spearman,test_spearman,train_rmse,val_rmse,test_rmse,train_mae,val_mae,test_mae,embedding,strategy
0,KNN,,0.24054036434708978,0.07256596762870192,0.12575762363242254,2.2426810457672057,2.450056163493236,2.3098625806978967,1.836027565339483,1.9655543115330965,1.8789128544827238,esm_if1,holdout
1,Ridge,,0.5513862188784318,0.16757152274075196,0.13641926923225794,2.0197593393255286,2.3645581910084337,2.307197832901228,1.7087550041097934,1.9481257363839812,1.9447283412492797,esm_if1,holdout
2,RandomForest,,0.9750514939604059,0.11369085041179278,0.16468104335353842,0.9662619901445856,2.388806759567524,2.300916688917671,0.8002950928941805,1.971491875067078,1.9274372513398494,esm_if1,holdout
3,MLP,,0.20048978356883568,0.09875984729565539,0.0873344325165407,2.3029618672993766,2.421179329734793,2.3132028669068903,1.8912895943522667,1.9500207718152096,1.9306666264196986,esm_if1,holdout
