index,model,suffix,train_spearman,val_spearman,test_spearman,train_rmse,val_rmse,test_rmse,train_mae,val_mae,test_mae,embedding,strategy
0,KNN,,0.3062527308360289,0.08257241834334322,-0.037878055335811886,2.191520089319207,2.42876055041732,2.3813874354524383,1.7997537001725097,1.9353629379768755,1.9661993496556092,ct,holdout
1,Ridge,,0.20685976019414481,0.08288991991506388,0.018462014033050686,2.291181809765351,2.3978636685674326,2.322583874247327,1.9253387925576824,1.9704882753272694,1.9806994080508107,ct,holdout
2,RandomForest,,0.9448587629106657,-0.013616509145901597,0.008607434371644589,1.0250740986992308,2.537198894848385,2.433205664098919,0.8333274626722269,2.087148739296646,2.020040419816662,ct,holdout
3,MLP,,0.08710408478310404,0.08008953732083161,0.05488581349391805,2.301446189492152,2.3984918606042713,2.3227026248346854,1.9383811053730955,1.9730814866894815,1.9843687462220099,ct,holdout
