index,model,suffix,train_spearman,val_spearman,test_spearman,train_rmse,val_rmse,test_rmse,train_mae,val_mae,test_mae,embedding,strategy
0,KNN,,0.3973071345608595,0.1854902250126087,0.014076448178944288,2.1157007183172643,2.426800093894774,2.454525696255648,1.7172616301482044,1.9233369172670476,1.9973975501871144,esm_1b,holdout
1,Ridge,,0.4151565172521209,0.18636499335475348,0.12072107534684723,2.145202792848362,2.3699373695977504,2.3167178002974964,1.8133600561766536,1.9449774989682949,1.932783528203665,esm_1b,holdout
2,RandomForest,,0.9644118143252287,0.15530228796334636,0.18834558715761493,0.8689791004931541,2.4039025825590343,2.3058858175521415,0.7175853364988605,1.9553376202141062,1.8955298579879187,esm_1b,holdout
3,MLP,,0.2617450766602285,0.04391917758907477,0.03743948433055103,2.3363666095349185,2.4988898641678254,2.347640983152301,1.8240115269617,1.9394577648548241,1.853321108351935,esm_1b,holdout
