index,model,suffix,train_spearman,val_spearman,test_spearman,train_rmse,val_rmse,test_rmse,train_mae,val_mae,test_mae,embedding,strategy
0,KNN,,0.18559642807252252,0.0805327169288857,0.003599833713291108,2.2644056607842127,2.41034951109656,2.3562225359002693,1.876307034575357,1.9611052778648153,1.9702372724983448,onehot_pad,holdout
1,Ridge,,0.9259616643096841,0.06202379154820749,0.0478696695103086,1.2647063650450643,2.4494871544501535,2.3768249484996034,1.04494226425607,1.9912974564957753,1.953669999270135,onehot_pad,holdout
2,RandomForest,,0.9705458036228524,0.15741615535972836,0.06820016925556599,0.890259973124978,2.38576543550376,2.382782297750906,0.7222167949885829,1.9570305138369666,1.9807282608642414,onehot_pad,holdout
3,MLP,,0.9957545787210536,0.05426841761123749,0.02788717370457553,0.1354800993132443,2.608356639401965,2.544788773077591,0.02723146652102355,2.0829509609519734,2.010552806783673,onehot_pad,holdout
